source_name,category_type,primary_url,feed_api_url,format,description
Guitar World RSS Feed,Editorial RSS Feed,https://www.guitarworld.com/,https://rss.app/rss-feed/guitarworld-rss-feed,RSS / RSS-to-JSON,"Industry publication covering electric guitar news, artist interviews, and gear reviews."
MusicRadar RSS Feed,Editorial RSS Feed,https://www.musicradar.com/,https://www.musicradar.com/feeds/tag/guitar-pedals,RSS / XML,"Aggregates news, tutorials, pro audio, and equipment reviews across guitars and music tech."
Guitar.com RSS Feed,Editorial RSS Feed,https://guitar.com/,https://norseguitar.com/aggregator/sources/79,Native RSS / Google News,"Gear reviews, industry analysis, and artist interviews; Google News Preferred Source."
Pedal Haven RSS Feed,Blog RSS Feed,http://pedalhaven.com,http://www.pedalhaven.com/feed/,RSS 2.0 XML,"Focuses specifically on guitar and bass effect pedals, signal chains, and pedalboard setups."
Gibson Gazette Atom Feed,Brand Atom Feed,https://www.gibson.com/blogs/gibson-gazette,https://www.gibson.com/blogs/gibson-gazette.atom,Atom / XML,"Digital news publication for Gibson, Epiphone, MESA/Boogie, Kramer, and Maestro builds."
Delicious Audio RSS Feed,Blog RSS Feed,https://delicious-audio.com/,https://delicious-audio.com/feed/,RSS 2.0 XML,"Blog focused on guitar pedals, effect news, stompbox advice, and shopping guides."
Boost Guitar Pedals Blog RSS Feed,Blog Atom Feed,https://www.boostguitarpedals.co.uk/blogs/pedal-knowledge,https://www.boostguitarpedals.co.uk/blogs/pedal-knowledge.atom,Atom / XML,"Shopify-based blog covering guitar pedal knowledge, circuits, and setups."
Electro-Harmonix Blog RSS Feed,Brand RSS Feed,https://www.ehx.com/blog/category/all/,https://www.ehx.com/feed/,RSS 2.0 XML,Official news and product updates from analog and digital audio pioneer Electro-Harmonix.
The Blogging Musician (Adam Harkus),Blog RSS Feed,https://adamharkus.com/category/guitar/,https://adamharkus.com/feed/,RSS 2.0 XML,"Resource community providing overdrive pedal shootouts, guitar lessons, and gear reviews."
STOMP BOX STEALS,Blog RSS Feed,http://stompboxsteals.blogspot.com/,http://stompboxsteals.blogspot.com/feeds/posts/default,Blogger RSS Feed,Deep-dive evaluations on boutique and vintage guitar effects pedals and amplifiers.
Performer Magazine » Pedal Feed,Editorial RSS Feed,https://performermag.com/best-instruments/best-guitar-picks-accessories/,https://performermag.com/best-instruments/best-guitar-picks-accessories/feed/,RSS 2.0 XML,"Monthly gear reviews on guitar picks, pedals, and studio accessories."
Wampler Pedals Blog RSS Feed,Brand RSS Feed,https://www.wamplerpedals.com/blog,https://www.wamplerpedals.com/feed/,RSS 2.0 XML,Boutique tone design articles and gear knowledge by Brian Wampler.
Pedal Pawn Blog RSS Feed,Blog Atom Feed,https://pedalpawn.com/blogs/news,https://pedalpawn.com/blogs/news.atom,Atom / XML,Vintage guitar tone reproduction articles and pedal releases by Chris King Robinson.
Thorpy FX Blog RSS Feed,Brand Atom Feed,https://thorpyfx.com/blogs/effects-pedal-guidance,https://thorpyfx.com/blogs/effects-pedal-guidance.atom,Atom / XML,Guidance on superior fidelity tone machines and pedalboard signal path optimization.
the King of Gear RSS Feed,Blog RSS Feed,https://thekingofgear.com/,https://thekingofgear.com/rss,RSS 2.0 XML,"Dedicated archive documenting the instruments, effects, and amplifiers used by Radiohead."
Pedal Town Blog RSS Feed,Blog RSS Feed,https://pedaltown.nl/en/blog,https://pedaltown.nl/en/feed,RSS 2.0 XML,"Tips and articles about guitar pedals, power supplies, pedalboard building, and buffers."
Vntage Tone Blog RSS Feed,Blog RSS Feed,https://vntagetone.com/blog,https://www.vntagetone.com/feed/,RSS 2.0 XML,Articles on designing guitar effects pedals for guitarists seeking classic vintage tones.
Looper Pedal Reviews RSS Feed,Blog RSS Feed,https://looperpedalreviews.com/,https://looperpedalreviews.com/feed/,RSS 2.0 XML,Comprehensive comparative bench reviews focused specifically on looper pedals.
Guitar FX Layouts (Tagboard Effects),DIY Blog RSS Feed,https://tagboardeffects.blogspot.com/,http://tagboardeffects.blogspot.com/feeds/posts/default,Blogger RSS Feed,Collection of vero (stripboard) and tagboard guitar/bass effect layouts for DIY builders.
Mixonline RSS Feed,Editorial RSS Feed,https://www.mixonline.com/about,https://www.mixonline.com/feed,RSS 2.0 XML,"Pro audio, live sound, studio recording facilities, DAW reviews, and microphone technology."
The Highway Star RSS Feed,Editorial RSS Feed,https://www.thehighwaystar.com/,https://www.thehighwaystar.com/feed/,RSS 2.0 XML,"Deep Purple family news publication covering guitarists, stolen instrument alerts, and releases."
drdavewalkerblog RSS Feed,Blog RSS Feed,https://drdavewalkerblog.wordpress.com/,https://drdavewalkerblog.wordpress.com/feed/,WordPress RSS Feed,"Educational blog covering guitar instruction, music software, amp modeling, and Jim Lill experiments."
The Guitar Channel Podcast,Podcast Feed,https://theguitarchannel.biz/tgcpodcast/,https://theguitarchannel.biz/feed/podcast/,Podcast RSS (Audio),"Long-form interviews with luthiers, amp builders, and professional session musicians."
Chasing Tone Podcast,Podcast Feed,https://www.wamplerpedals.com/podcast/,https://www.wamplerpedals.com/podcast/,Audio Podcast / RSS,"Hosted by Brian Wampler & Blake Wyland discussing guitar pedals, amps, and tone chasing."
Guitar Nerds Podcast,Podcast Feed,https://www.guitarnerds.net/podcast/,https://play.acast.com/s/podcastguitarnerds,Acast RSS / Audio,"Weekly show covering guitar news, releases, forum discussions, and UK retail insights."
60 Cycle Hum Podcast,Podcast Feed,https://60cyclehumcast.com/,https://sixtycyclehum.podbean.com/,Podbean RSS / Audio,"Covers used markets (Craigslist, eBay, Reverb), offset guitars, surf gear, and budget gear."
ToneMob Guitar Podcast,Podcast Feed,https://tonemob.com/podcast/,https://tonemob.com/podcast/,Audio Podcast / RSS,"Blake Wyland chats with boutique builders, effects creators, and touring musicians."
Get Offset Podcast,Podcast Feed,https://getoffsetpodcast.com/,https://guitarsmarts.buzzsprout.com/,Buzzsprout RSS / Audio,"Hosted by Emily Harris and Andrew Rinard, focusing on gear culture, offsets, and ethics."
The Guitar Knobs Podcast,Podcast Feed,http://guitarknobs.podbean.com/,http://guitarknobs.podbean.com/,Podbean RSS / Audio,"Focuses on boutique guitars, pedals, amps, and interviews with small boutique builders."
Berklee Guitar Department Podcast,Podcast Feed,https://berkleeguitar.podbean.com/,https://berkleeguitar.podbean.com/,Podbean RSS / Audio,"Interviews, performances, and clinics from Berklee faculty and visiting guitar icons."
The Fret Files Podcast,Podcast Feed,https://www.fretfiles.com/,https://www.fretfiles.com/,Audio Podcast / RSS,"Hosted by Eric Daw; covers guitar repair, luthier tools, neck setups, and tech advice."
Amps & Axes Podcast,Podcast Feed,http://ampsandaxes.libsyn.com/,http://ampsandaxes.libsyn.com/,Libsyn RSS / Audio,Hosted by Jeff Bober (low-wattage amp builder); covers tube amplifiers and guitar maintenance.
The Gear Slum Podcast,Podcast Feed,https://thegearslum.podbean.com/,https://thegearslum.podbean.com/,Podbean RSS / Audio,"Irreverent guitar culture nonsense, pedal talk, and gear industry banter."
Guitar Business Radio Podcast,Podcast Feed,https://guitarbusinessradio.com/category/podcast-episodes/,https://guitarbusinessradio.com/category/podcast-episodes/,Audio Podcast / RSS,"Interviews focused on the business side of the guitar industry, lutherie, and retail."
Inside The Noise (Guitar Center Podcast),Podcast Feed,https://www.guitarcenter.com/riffs/interviews/guitars/guitar-center-podcast-s2-e10-phil-mcknight,https://podcasts.apple.com/us/podcast/inside-the-noise-with-gabe-dalporto/id1864018778,Apple Podcasts / RSS,Guitar Center podcast hosted by Gabe Dalporto featuring industry figures like Phil McKnight.
No Cover Charge Podcast,Podcast Feed,https://podcasts.apple.com/us/podcast/no-cover-charge-podcast/id1500000000,https://podcasts.apple.com/us/podcast/no-cover-charge-podcast/id1500000000,Apple Podcasts / RSS,"Musician interviews, touring stories, and guitar gear breakdowns."
Reverb API (Parse Wrapper),REST API,https://reverb.com/api,https://api.parse.bot/scraper/922ddbd0-df54-4078-8b35-cbf1538f0a75/search_listings,JSON / OAuth / Key-based,"Provides listing search across used market gear, pricing distribution, condition, and year bounds."
Songsterr REST API (Legacy),REST API,https://www.songsterr.com/a/wa/api/,https://www.songsterr.com/a/ra/songs.json,JSON / XML / Plist,Keyless public REST endpoint to lookup songs and tabs by artist or keyword pattern.
Songsterr Modern API (Parse Wrapper),REST API,https://www.songsterr.com/api/songs,https://api.parse.bot/scraper/00e14379-6131-498c-a1ec-f1635d062d88/,JSON,"Accesses multi-track guitar/bass/drum notation data, measure notes, tuning, capo, and revision history."
Equipboard Artist Gear Database,Structured Web Data,https://equipboard.com/,https://equipboard.com/brands/api,HTML / JSON,"Relational data mapping famous artists to their exact documented guitars, pedals, amps, and rack units."
Guitar Center API (Parse Wrapper),REST API,https://www.guitarcenter.com/,https://parse.bot/marketplace/226c8166-bcfc-4400-b110-7f1298344279/guitarcenter-com-api,JSON,"Searches Guitar Center's electric guitar catalog, pricing, variants, and customer reviews."
Sweetwater API (Parse Wrapper),REST API,https://www.sweetwater.com/,https://parse.bot/marketplace/18cb78ac-f61e-471c-98c6-9045c08b422c/sweetwater-com-api,JSON,"Searches Sweetwater's catalog of musical instruments, live gear, ratings, and image assets."
Guitar World Backstage Pass Newsletter,Email Newsletter,https://www.guitarworld.com/,https://www.guitarworld.com/news/subscribe-to-guitar-world,HTML Inbound Email,"Handpicked gear news, lessons, and exclusive features parsed via incoming mailbox webhooks."
MusicRadar Direct-to-Inbox Newsletter,Email Newsletter,https://www.musicradar.com/news/about-musicradar-contact-us,https://www.musicradar.com/,HTML Inbound Email,"Daily newsletter with gear news, breaking releases, reviews, and deals delivered to inbox."
Gibson Gazette Newsletter,Email Newsletter,https://www.gibson.com/blogs/gibson-gazette,https://www.gibson.com/,HTML Inbound Email,"Locale-specific product drops, MESA/Boogie releases, and Gibson Custom Shop announcements."
GuitarML / GuitarLSTM GitHub Repo,DSP / Machine Learning Repo,https://github.com/GuitarML/GuitarLSTM,https://github.com/GuitarML/GuitarLSTM,FP32 Mono .wav / Keras LSTM,Deep learning models and datasets for real-time tube amp and drive pedal emulation using LSTM.
OpenAmp / Proteus Framework GitHub Repo,DSP / Machine Learning Repo,https://github.com/Alec-Wright/OpenAmp,https://github.com/Alec-Wright/OpenAmp,.wav / .zip Tone Packs,Synthetic data framework and Proteus Tone Packs for foundation audio effects models.
ZoomG3-Patches Dataset GitHub Repo,DSP Dataset Repo,https://github.com/SrMouraSilva/ZoomG3-Patches,https://github.com/SrMouraSilva/ZoomG3-Patches,"CSV (One-Hot, Bag-of-Words)",Dataset of pedalboard patches for sequence modeling and automated effect order generation.
CloneAnyTone GitHub Repo,DSP / Machine Learning Repo,https://github.com/Yuyang-wyy/CloneAnyTone,https://github.com/Yuyang-wyy/CloneAnyTone,.pickle / Normalized .wav,"Hybrid WaveNet U-Net Transformer models for simulating distortion, delay, and reverb pedals."
